title,price,disc_price
Days Gone, 729 000, 729 000
Mass Effect™ Legendary Edition, 849 000, 849 000
BIOMUTANT, 506 789, 506 789
The Witcher 3: Wild Hunt - Game of the Year Edition, 449 000, 89 800
Resident Evil Village, 847 999, 847 999
Red Dead Redemption 2, 640 000, 428 800
Subnautica: Below Zero, 139 999, 139 999
Swords of Legends Online, 600 000, 600 000
天命奇御 Fate Seeker, 293 000, 29 300
Cyberpunk 2077, 699 999, 559 999
It Takes Two, 562 000, 562 000
Tom Clancy's Rainbow Six® Siege, 205 000, 82 000
Outer Wilds, 119 999, 71 999
Shadow of the Tomb Raider: Definitive Edition, 1 195 000, 175 418
Cities: Skylines Collection, 1 708 975, 722 970
Hunt: Showdown, 319 000, 159 500
Elite Dangerous: Odyssey, 169 999, 169 999
Grand Theft Auto V: Premium Edition, 300 750, 300 750
Hearts of Iron IV: Mobilization Pack, 802 994, 300 594
Crusader Kings III, 209 999, 167 999
Rise of the Tomb Raider™, 570 000, 114 000
Borderlands 3: Super Deluxe Edition, 839 000, 377 550
Resident Evil Village & Resident Evil 7 Complete Bundle, 1 130 999, 1 130 999
Sid Meier's Civilization VI : Platinum Edition, 1 643 996, 508 001
Sid Meier’s Civilization® VI, 600 000, 150 000
Cities: Skylines - New Player Bundle, 501 996, 171 896
Deep Rock Galactic, 139 999, 83 999
Insurgency: Sandstorm, 249 000, 124 500
Valheim, 108 999, 108 999
OUTRIDERS, 825 000, 618 750
Frozenheim, 102 999, 92 699
Stellaris: Ultimate Bundle, 1 515 983, 725 860
Tom Clancy's Rainbow Six® Siege, 205 000, 82 000
Rust, 169 999, 169 999
Phasmophobia, 89 999, 89 999
Sid Meier's Civilization® VI: New Frontier Pass, 489 000, 303 180
Crusader Kings III Royal Edition, 319 999, 287 999
PLAYERUNKNOWN'S BATTLEGROUNDS, 219 999, 219 999
Sea of Thieves, 169 999, 169 999
Swords of Legends Online - Collector's Edition, 1 500 000, 1 500 000
Apex Legends™ - Mirage Edition, 282 000, 282 000
Journey, 95 999, 47 999
SnowRunner, 249 000, 249 000
Wallpaper Engine, 35 999, 35 999
STAR WARS™: The Old Republic™ - Cartel Coins, 43 000, 43 000
STAR WARS™: The Old Republic™ - Cartel Coins, 43 000, 43 000
STAR WARS™: The Old Republic™ - Cartel Coins, 43 000, 43 000
STAR WARS™: The Old Republic™ - Cartel Coins, 43 000, 43 000
STAR WARS™: The Old Republic™ - Cartel Coins, 43 000, 43 000
Just Die Already, 95 999, 76 799
Hearts of Iron IV, 269 999, 67 499
Uncharted Waters IV HD Version, 580 000, 580 000
Planet Zoo: Premium Edition, 1 251 308, 711 039
ABZU, 135 999, 33 999
Zero Hour, 82 999, 41 499
Subnautica, 139 999, 139 999
Elite Dangerous, 387 999, 96 999
The Binding of Isaac: Rebirth Complete Bundle, 340 996, 340 996
Stardew Valley, 115 999, 115 999
Resident Evil Village Deluxe Edition, 1 011 358, 1 011 358
Baldur's Gate 3, 699 999, 699 999
Europa Universalis IV: Empire Bundle, 1 997 983, 826 183
Fall Guys: Ultimate Knockout, 108 999, 108 999
The Isle, 135 999, 135 999
Prison Architect - Total Lockdown, 346 495, 157 810
The Forest, 108 999, 108 999
EA Play, 60 000, 60 000
What Remains of Edith Finch, 135 999, 47 599
Stellaris: Starter Pack, 594 995, 229 495
Forza Horizon 4, 249 999, 249 999
Cities: Skylines, 199 999, 39 999
Apex Legends™ - Champion Edition, 562 000, 562 000
Surviving Mars: First Colony Edition, 494 994, 155 119
Stellaris: Federations, 108 999, 73 029
Raft, 135 999, 135 999
Cities: Skylines, 199 999, 39 999
Space Haven, 119 999, 89 999
The Witcher® 3: Wild Hunt, 359 999, 71 999
Terraria, 89 999, 89 999
Gang Beasts, 135 999, 61 199
The Outer Worlds, 555 000, 277 500
Tomb Raider Collection, 3 750 368, 455 163
F1® 2020, 249 999, 62 499
Planet Coaster, 582 095, 145 523
Risk of Rain 2, 119 999, 119 999
Prison Architect, 139 999, 34 999
Halo: The Master Chief Collection, 169 999, 169 999
Satisfactory, 139 999, 139 999
Stellaris: Nemesis, 108 999, 108 999
Planet Zoo, 440 278, 220 138
Dead by Daylight, 135 999, 135 999
ARK: Survival Evolved, 209 999, 209 999
PowerWash Simulator, 108 999, 98 099
NieR Replicant™ ver.1.22474487139..., 879 000, 879 000
Elite Dangerous: Commander Premium Edition, 519 999, 389 999
Stellaris, 169 999, 42 499
SnowRunner + Year 1 Pass + Year 2 Pass, 638 910, 638 910
F1® 2020, 249 999, 62 499
Gorogoa, 95 999, 28 799
Tabletop Simulator, 135 999, 135 999
Hood: Outlaws & Legends, 259 000, 259 000
Hood: Outlaws & Legends - Year 1 Edition, 439 000, 439 000
Empire of Sin, 169 999, 84 999
Destiny 2: Beyond Light Deluxe Edition Upgrade, 396 500, 396 500
Mind Scanners, 102 999, 92 699
DayZ, 550 000, 550 000
Beat Saber, 139 999, 139 999
Pummel Party, 95 999, 95 999
Destiny 2: Beyond Light + 1 Season, 640 497, 640 497
Squad, 209 999, 209 999
Surviving the Aftermath, 119 999, 89 999
Half-Life: Alyx, 249 999, 249 999
Destiny 2: Legendary Edition, 1 091 600, 1 091 600
 Age of Wonders: Planetfall Premium Edition, 607 995, 215 987
Imperator: Rome, 169 999, 42 499
Total War: WARHAMMER III, 648 999, 648 999
Cities: Skylines - Sunset Harbor, 95 999, 47 999
The Elder Scrolls V: Skyrim Special Edition, 532 000, 532 000
Sid Meier's Civilization® VI: Gathering Storm, 370 000, 92 500
Hades, 119 999, 119 999
Destiny 2: Beyond Light Deluxe Edition, 914 997, 914 997
Nioh 2 – The Complete Edition, 699 000, 699 000
Ashen, 169 999, 59 499
Siege Survival: Gloria Victis, 119 999, 95 999
Europa Universalis IV: Collection, 2 388 012, 1 001 680
Elite Dangerous: Odyssey, 169 999, 169 999
Cities: Skylines - Green Cities, 109 999, 54 999
Garry's Mod, 89 999, 89 999
Left 4 Dead 2, 69 999, 69 999
Galactic Mining Corp, 83 999, 75 599
Journey & Flower Bundle, 148 998, 55 123
Empire of Sin, 169 999, 84 999
7 Days to Die, 119 999, 119 999
Just Cause 4 Complete Edition, 1 536 000, 165 767
Cities: Skylines - Campus, 83 999, 41 999
Football Manager 2021, 499 999, 499 999
BATTLETECH Mercenary Collection, 580 995, 195 915
CS:GO Prime Status Upgrade, 212 999, 212 999
BeamNG.drive, 119 999, 119 999
Marvel's Avengers, 499 000, 299 400
Cities: Skylines - After Dark, 115 999, 57 999
Grounded, 139 999, 139 999
Thronebreaker: The Witcher Tales, 235 000, 70 500
Cities: Skylines - Parklife, 95 999, 47 999
Arma 3 Creator DLC: S.O.G. Prairie Fire, 179 999, 179 999
Planet Zoo, 440 278, 220 138
Total War: ROME REMASTERED, 325 000, 325 000
GUILTY GEAR -STRIVE-, 749 000, 749 000
Mount & Blade II: Bannerlord, 549 999, 549 999
Monster Hunter: World, 334 999, 334 999
